"mu","theta","alpha","beta"
0.5,0.523137493309995,0.955771678371589,0.955771678371589
