"mu.1","theta.1","alpha.1","beta.1"
0.4935,0.2393,2.06211392374369,2.11680943681625
