"mu.1","theta.1","alpha.1","beta.1"
0.4997,0.1299,3.84844158228546,3.85269460545758
