mu,theta,alpha,beta,min_counts_used
Mesothelial,0.510721877726763,0.163806662553627,3.11783336382647,2.98692443058021,5
