"mu","theta","alpha","beta"
0.509269495367241,0.55254006375581,0.921687907851525,0.888135606488136
