"mu.1","theta.1","alpha.1","beta.1"
0.5014,0.1035,4.84468939721637,4.81851753207563
