"mu","theta","alpha","beta"
0.5009302444054,0.429897633881354,1.16523145261983,1.16090370418818
