mu,theta,alpha,beta,min_counts_used
Pericytes,0.503292449844816,0.135504893367372,3.71420129072624,3.66560599998807,5
