"mu","theta","alpha","beta"
0.503606254688131,0.430351182028112,1.17022161369417,1.1534620236722
