"mu","theta","alpha","beta"
0.500561683006536,0.127330585184415,3.93119753813716,3.92237510155254
