"mu.1","theta.1","alpha.1","beta.1"
0.5048,0.2214,2.27998891676861,2.23626737929597
