"mu.1","theta.1","alpha.1","beta.1"
0.5009,0.1483,3.37844099698953,3.36626422079525
