group,n,median_p,median_abs_beta
ASPEN_only,1390,0.656197417972876,0.18905572132219
Overlap,1047,0.490062271037363,0.215148286123555
GLM_only,100,0.357864712784712,0.203791137944428
