"","Overlap","GLM_only"
"GLM_only",0.299494770142358,NA
"ASPEN_only",0.0603574222281463,0.663061090209164
