"","Overlap","GLM_only"
"GLM_only",0.869185122328666,NA
"ASPEN_only",0.869185122328666,0.869185122328666
