test,statistic,df,p_value
Kruskal-Wallis,26.54680122841,2,1.71963136255591e-06
