metric,statistic,df,p_value
abs_beta,6.05601389403273,2,0.0484120297777179
