group,n,median_beta,median_abs
Overlap,135,0.294065315773034,0.723998178204064
GLM_only,28,0.516839494114703,0.981456871305546
ASPEN_only,39,0.929224757298485,0.975302500457888
