group,n,median_diff,p_value
ASPEN_only,1390,3.7388888322526e-05,0.648411138060071
Overlap,1047,-0.00147835917858397,0.0047027754408144
GLM_only,100,-0.00265525948141299,0.260143769342089
