"","Overlap","ASPEN_only"
"ASPEN_only",0.00207869997132522,NA
"GLM_only",0.784975901395024,0.197929276297937
