metric,statistic,df,p_value
p_sex,166.827838268841,2,5.9401198287364e-37
abs_beta,12.4191279909555,2,0.00201011369169636
