group,n,median_p,median_padj
ASPEN_only,1390,0.656197417972876,0.999993910040895
Overlap,1047,0.490062271037363,0.999993910040895
GLM_only,100,0.357864712784712,0.999993910040895
