metric,statistic,df,p_value
abs_beta,0.532670551369733,2,0.766182202170452
