group,n,mean_diff,t_stat,p_value
ASPEN_only,1390,-0.000633116993735447,-0.779568685547321,0.435777598720797
Overlap,1047,-0.00166786676817444,-2.107681576634,0.0352960155915315
GLM_only,100,-0.00512995671486101,-1.13284498039844,0.260015511684873
