group,n,median_beta,median_abs
Overlap,52,0.878754033060326,1.05476983494399
ASPEN_only,14,1.09058718827377,1.09058718827377
GLM_only,15,0.913249886745671,1.13444515458054
