"p_value","odds_ratio"
1.46008306063219e-14,0.456064140217395
