"","Overlap","ASPEN_only"
"ASPEN_only",2.34107626670179e-32,NA
"GLM_only",0.00824983563590653,1.91359732056131e-11
