"Row_Method","Overlap_with_glmmTMB","Overlap_with_ASPEN","Overlap_with_GAMLSS","Overlap_with_scDALI"
"glmmTMB-only",NA,0.00879024562532859,NA,2.4864941164664e-06
"ASPEN-only",0.0771152251042403,NA,0.0544868126154464,0.0123273206079003
"GAMLSS-only",0.296956755262518,0.00500066455008142,NA,2.38949356831854e-05
"scDALI-only",0.00331674262781476,0.000337648619287872,0.00230761146365353,NA
