"mu","theta","alpha","beta"
0.500070875734878,0.394162246551547,1.26869298140526,1.26833335419338
