"mu.1","theta.1","alpha.1","beta.1"
0.4785,0.1239,3.86306994515202,4.20960078762705
