"term","estimate","se","z","p","gene"
"sexM",0.00961648313172328,0.0455505443629542,0.211116755380519,0.833409573435236,"Malat1"
