"mu.1","theta.1","alpha.1","beta.1"
0.5025,0.1112,4.51701104070472,4.47284798319404
