"","mu","theta","alpha","beta","min_counts_used"
"MacFib__F1_Young",0.501857066386281,0.112185167475856,4.47347075979797,4.4403635954898,5
