"mu.1","theta.1","alpha.1","beta.1"
0.5051,0.13,3.88422152856705,3.80561381141481
