"mu","theta","alpha","beta"
0.51230269266481,0.0990900759454682,5.17007064306564,4.92175732717757
