ID,Description,setSize,enrichmentScore,NES,pvalue,p.adjust,qvalue,rank,leading_edge,core_enrichment,my_sign
GO:0008150,biological_process,14,0.7758400335954024,1.0575642310124047,0.4177215189873418,0.9709923664122138,0.9709923664122139,12,"tags=86%, list=80%, signal=257%",Smchd1/Fhip1a/Ttc3/Ankrd12/Mfn1/Erc1/Hipk3/Fmo1/Bptf/Frmd6/Raph1/Prpf39,BL6-biased
GO:0016043,cellular component organization,10,-0.34195218219125517,-0.7452649770532979,0.7090909090909091,0.9709923664122138,0.9709923664122139,6,"tags=40%, list=40%, signal=72%",Raph1/Prpf39/Cav1/Colec12,CAST-biased
GO:0071840,cellular component organization or biogenesis,10,-0.34195218219125517,-0.7452649770532979,0.7090909090909091,0.9709923664122138,0.9709923664122139,6,"tags=40%, list=40%, signal=72%",Raph1/Prpf39/Cav1/Colec12,CAST-biased
GO:0050789,regulation of biological process,10,-0.31301190993336736,-0.6821913297322587,0.8503496503496504,0.9709923664122138,0.9709923664122139,3,"tags=80%, list=20%, signal=192%",Mfn1/Erc1/Hipk3/Fmo1/Bptf/Frmd6/Cav1/Colec12,CAST-biased
GO:0050794,regulation of cellular process,10,-0.31301190993336736,-0.6821913297322587,0.8503496503496504,0.9709923664122138,0.9709923664122139,3,"tags=80%, list=20%, signal=192%",Mfn1/Erc1/Hipk3/Fmo1/Bptf/Frmd6/Cav1/Colec12,CAST-biased
GO:0065007,biological regulation,10,-0.31301190993336736,-0.6821913297322587,0.8503496503496504,0.9709923664122138,0.9709923664122139,3,"tags=80%, list=20%, signal=192%",Mfn1/Erc1/Hipk3/Fmo1/Bptf/Frmd6/Cav1/Colec12,CAST-biased
GO:0009987,cellular process,13,-0.339827700343635,-0.5598593861482886,0.9709923664122138,0.9709923664122138,0.9709923664122139,12,"tags=77%, list=80%, signal=115%",Mfn1/Erc1/Hipk3/Fmo1/Bptf/Frmd6/Raph1/Prpf39/Cav1/Colec12,CAST-biased
