"mu","theta","alpha","beta"
0.530174068859593,0.242309293443379,2.18800550868463,1.93895134793991
