ID,Description,setSize,enrichmentScore,NES,pvalue,p.adjust,qvalue,rank,leading_edge,core_enrichment,my_sign
GO:0050794,regulation of cellular process,10,-0.496119684031757,-1.1400071965024068,0.3009950248756219,0.5290215588723052,0.5290215588723052,5,"tags=40%, list=31%, signal=73%",Kif1b/Ptbp2/Kcnq1ot1/Clec3b,CAST-biased
GO:0009987,cellular process,14,0.5766405959414496,1.0126645245781176,0.40894039735099336,0.5290215588723052,0.5290215588723052,8,"tags=57%, list=50%, signal=229%",Hdac9/Agmo/Abca8a/Tnnt2/Pcdh7/Abi1/Lama2/Ext1,BL6-biased
GO:0050789,regulation of biological process,11,-0.4461567857610915,-1.0107140269357748,0.44146341463414634,0.5290215588723052,0.5290215588723052,5,"tags=36%, list=31%, signal=80%",Kif1b/Ptbp2/Kcnq1ot1/Clec3b,CAST-biased
GO:0065007,biological regulation,11,-0.4461567857610915,-1.0107140269357748,0.44146341463414634,0.5290215588723052,0.5290215588723052,5,"tags=36%, list=31%, signal=80%",Kif1b/Ptbp2/Kcnq1ot1/Clec3b,CAST-biased
GO:0008152,metabolic process,10,0.4649074337078436,0.9935140468962756,0.5290215588723052,0.5290215588723052,0.5290215588723052,3,"tags=30%, list=19%, signal=65%",Hdac9/Agmo/Abca8a,BL6-biased
