"mu.1","theta.1","alpha.1","beta.1"
0.4958,0.2357,2.10395804369613,2.13946278919301
