"mu.1","theta.1","alpha.1","beta.1"
0.5088,0.169,3.0113160610601,2.90675865664571
