"mu","theta","alpha","beta"
0.500842280794296,0.098932825717053,5.06244795055891,5.04542062341665
