"mu.1","theta.1","alpha.1","beta.1"
0.5217,0.3439,1.51698300006683,1.3905120779035
