"mu.1","theta.1","alpha.1","beta.1"
0.4877,0.8786,0.555118098482646,0.583069776175597
