"mu.1","theta.1","alpha.1","beta.1"
0.507,0.0836,6.06482774102539,5.89730267241939
