"mu.1","theta.1","alpha.1","beta.1"
0.5089,0.1459,3.48742270961128,3.36502835437708
