"mu.1","theta.1","alpha.1","beta.1"
0.4901,0.1559,3.14258763568314,3.2698955311032
