"mu.1","theta.1","alpha.1","beta.1"
0.4935,0.2393,2.06211392370996,2.11680943677538
