mu,theta,alpha,beta,min_counts_used
Myeloid,0.499699247424824,0.196467652930031,2.54341740216536,2.54647900106666,5
