"mu","theta","alpha","beta"
0.466502597757725,0.109625366313039,4.25542566877826,4.86655069155122
