"pipeline","AUC"
"orig",0.512066493191834
"phi",0.513234666946863
"fixed",0.512078854818871
"glmmtmb",0.51049811176147
"ver",0.511830077074745
