"pipeline","AUC"
"orig",0.512066493191834
"phi",0.51161683900835
"fixed",0.511680192346917
"glmmtmb",0.512625084213584
"ver",0.511830077074745
