"pipeline","threshold","TP","FP","FN","TN","TPR","FPR"
"orig",0.1,94,325,312,1269,0.231527093596059,0.203889585947302
"phi",0.1,93,327,313,1267,0.229064039408867,0.205144291091593
"fixed",0.1,94,334,312,1260,0.231527093596059,0.209535759096612
"glmmtmb",0.1,94,334,312,1260,0.231527093596059,0.209535759096612
"ver",0.1,92,336,314,1258,0.226600985221675,0.210790464240903
