"mu.1","theta.1","alpha.1","beta.1"
0.4936,0.2499,1.97536596289836,2.02622785409957
