"mu","theta","alpha","beta"
0.479508196721311,0.130413339142279,3.67683397936906,3.99109329384505
