"mu","theta","alpha","beta"
0.491657449462264,0.0551827607783915,8.90962036924379,9.21198112177078
