ID,Description,GeneRatio,BgRatio,RichFactor,FoldEnrichment,zScore,pvalue,p.adjust,qvalue,geneID,Count
GO:0097553,calcium ion transmembrane import into cytosol,6/32,32/1491,0.1875,8.736328125,6.549719513272446,3.6642095205977826e-5,0.022948734820585296,0.0212613115976338,Adra1a/Gpr39/Itpr2/Plcb1/Ryr2/Cacna1c,6
GO:0051208,sequestering of calcium ion,5/32,24/1491,0.20833333333333334,9.70703125,6.366505880010807,1.0498048865775525e-4,0.022948734820585296,0.0212613115976338,Gpr39/Itpr2/Plcb1/Ryr2/Cacna1c,5
GO:0051209,release of sequestered calcium ion into cytosol,5/32,24/1491,0.20833333333333334,9.70703125,6.366505880010807,1.0498048865775525e-4,0.022948734820585296,0.0212613115976338,Gpr39/Itpr2/Plcb1/Ryr2/Cacna1c,5
GO:0051282,regulation of sequestering of calcium ion,5/32,24/1491,0.20833333333333334,9.70703125,6.366505880010807,1.0498048865775525e-4,0.022948734820585296,0.0212613115976338,Gpr39/Itpr2/Plcb1/Ryr2/Cacna1c,5
GO:0051283,negative regulation of sequestering of calcium ion,5/32,24/1491,0.20833333333333334,9.70703125,6.366505880010807,1.0498048865775525e-4,0.022948734820585296,0.0212613115976338,Gpr39/Itpr2/Plcb1/Ryr2/Cacna1c,5
GO:0006816,calcium ion transport,7/32,57/1491,0.12280701754385964,5.722039473684211,5.381866774522475,1.313107166892167e-4,0.02392043555688564,0.022161563062285346,Adra1a/Dnm1l/Gpr39/Itpr2/Plcb1/Ryr2/Cacna1c,7
