"","mu","theta","alpha","beta","min_counts_used"
"M2__F1_Young",0.506272962383696,0.115922240979948,4.36734968289018,4.25912261048944,5
