"mu.1","theta.1","alpha.1","beta.1"
0.5053,0.1179,4.2854540846772,4.1957872762204
