"mu","theta","alpha","beta"
0.495639223526772,0.514076632880845,0.964134900956786,0.981100373395364
