"mu.1","theta.1","alpha.1","beta.1"
0.5217,0.3439,1.51698300005032,1.39051207788947
