"","mu","theta","alpha","beta","min_counts_used"
"Fibroblast__F1_Aged",0.506549386488556,0.181966892221529,2.78374478073668,2.71176040590235,5
