"mu","theta","alpha","beta"
0.502325161406835,0.176696737383763,2.84286608142543,2.81654797910772
