gene,padj_Aged,padj_Young
Bcl2,0.0760338036332805,1
Dock2,0.0236519318084294,0.946544739243164
