"mu.1","theta.1","alpha.1","beta.1"
0.5063,0.2403,2.10728635496838,2.05468379049376
