"mu","theta","alpha","beta"
0.496272202324392,0.490546908391946,1.01167124659131,1.02686978361941
