mu,theta,alpha,beta,min_counts_used
Unknown_1,0.503769985176655,0.121033628100322,4.16223154741005,4.09993505616498,5
