"mu.1","theta.1","alpha.1","beta.1"
0.4768,0.0561,8.49235565784105,9.31865028968774
