"mu.1","theta.1","alpha.1","beta.1"
0.4939,0.1685,2.93145463282321,3.00411396127235
