mu,theta,alpha,beta,min_counts_used
Cardiomyocyte,0.508938884444925,0.151070604567606,3.36888096729082,3.25054048046336,5
