gene,bb_mu_Aged,padj_Aged,bb_mu_Young,padj_Young
Fhod3,0.597,0.779842263634647,0.7811,3.19726061056752e-7
