ID,Description,GeneRatio,BgRatio,RichFactor,FoldEnrichment,zScore,pvalue,p.adjust,qvalue,geneID,Count
GO:0055001,muscle cell development,5/6,18/102,0.2777777777777778,4.722222222222222,4.329119784490331,5.482727948788993e-4,0.04347549369855116,0.04075146527132364,Ank2/Fhl2/Myh6/Pdlim5/Fhod3,5
GO:0035051,cardiocyte differentiation,4/6,11/102,0.36363636363636365,6.1818181818181825,4.526458182323535,0.0010351308023464562,0.04347549369855116,0.04075146527132364,Fhl2/Myh6/Pdlim5/Fhod3,4
GO:0055006,cardiac cell development,4/6,11/102,0.36363636363636365,6.1818181818181825,4.526458182323535,0.0010351308023464562,0.04347549369855116,0.04075146527132364,Fhl2/Myh6/Pdlim5/Fhod3,4
GO:0055007,cardiac muscle cell differentiation,4/6,11/102,0.36363636363636365,6.1818181818181825,4.526458182323535,0.0010351308023464562,0.04347549369855116,0.04075146527132364,Fhl2/Myh6/Pdlim5/Fhod3,4
GO:0055013,cardiac muscle cell development,4/6,11/102,0.36363636363636365,6.1818181818181825,4.526458182323535,0.0010351308023464562,0.04347549369855116,0.04075146527132364,Fhl2/Myh6/Pdlim5/Fhod3,4
GO:0007507,heart development,5/6,21/102,0.23809523809523808,4.0476190476190474,3.898778053644683,0.0012643679684610559,0.04425287889613696,0.04148014212319604,Ank2/Fhl2/Myh6/Pdlim5/Fhod3,5
