"mu","theta","alpha","beta"
0.503871193253812,0.519014757463947,0.97082247856664,0.955905009657941
