"mu","theta","alpha","beta"
0.50229180290495,0.25131513960256,1.99865317982551,1.9804147011682
