"mu","theta","alpha","beta"
0.501328997843656,0.37275690537159,1.34492209431747,1.33779145327766
