gene,padj_Aged,padj_Young
Itpr1,0.0153481699440152,1
Rasal2,4.95731394713288e-6,1
Rock1,0.00164167736917194,1
Syne1,0.00486299578901635,1
Tpm1,0.0269857347997807,1
Zfpm2,1.7832591140717e-4,1
