"mu.1","theta.1","alpha.1","beta.1"
0.5146,0.3301,1.55907820011756,1.47054445042771
