"mu.1","theta.1","alpha.1","beta.1"
0.5044,0.1815,2.77919512932509,2.73122959900592
