"mu","theta","alpha","beta"
0.501055691404217,0.0959680793153236,5.22106616052919,5.19906527415637
