mu,theta,alpha,beta,min_counts_used
Coronary_EC,0.505533384549042,0.126144233179505,4.0075822081352,3.91985113379955,5
