"mu.1","theta.1","alpha.1","beta.1"
0.505,0.2681,1.88331010960976,1.84595130881274
