"","mu","theta","alpha","beta","min_counts_used"
"Endocardial_EC__F1_Aged",0.497752443396211,0.12964422780584,3.83937219435379,3.87404487730818,5
