"mu","theta","alpha","beta"
0.499215010404626,0.472948965582623,1.05553674229871,1.05885629536891
