"mu.1","theta.1","alpha.1","beta.1"
0.5049,0.1093,4.62103440917942,4.5308068202743
