"","mu","theta","alpha","beta","min_counts_used"
"Unknown_1__F1_Young",0.503095272931736,0.122388108508149,4.11065485907266,4.0600735898715,5
