ID,Description,setSize,enrichmentScore,NES,pvalue,p.adjust,qvalue,rank,leading_edge,core_enrichment,my_sign
GO:0050794,regulation of cellular process,11,0.6339626511705039,1.497330832138362,0.059654631083202514,0.29827315541601257,0.29827315541601257,9,"tags=73%, list=50%, signal=94%",St3gal1/Brwd1/Unc13b/Arhgap29/Sec14l1/Kitl/Cyth1/Ssh2,BL6-biased
GO:0050896,response to stimulus,11,0.5696577857691585,1.3454517625367588,0.11930926216640503,0.29827315541601257,0.29827315541601257,8,"tags=64%, list=44%, signal=91%",St3gal1/Unc13b/Arhgap29/Flnb/Sec14l1/Kitl/Cyth1,BL6-biased
GO:0050789,regulation of biological process,12,0.5231803452487948,1.2224783855525612,0.19339622641509435,0.3036833855799373,0.3036833855799373,9,"tags=67%, list=50%, signal=100%",St3gal1/Brwd1/Unc13b/Arhgap29/Sec14l1/Kitl/Cyth1/Ssh2,BL6-biased
GO:0065007,biological regulation,13,0.5025738012867924,1.1530204116826472,0.24294670846394983,0.3036833855799373,0.3036833855799373,10,"tags=69%, list=56%, signal=111%",St3gal1/Brwd1/Unc13b/Arhgap29/Sec14l1/Kitl/Cyth1/Ssh2/Plscr4,BL6-biased
GO:0009987,cellular process,17,0.596205860065852,0.8380875651376525,0.7280701754385965,0.7280701754385965,0.7280701754385965,10,"tags=59%, list=56%, signal=471%",St3gal1/Brwd1/Unc13b/Arhgap29/Flnb/Sec14l1/Kitl/Cyth1/Ssh2/Plscr4,BL6-biased
