"mu","theta","alpha","beta"
0.502568541564266,0.523122099564243,0.960709826602436,0.950889780512219
