"mu","theta","alpha","beta"
0.498545592512963,0.0446814311323939,11.1577803100295,11.2228815142737
