"mu.1","theta.1","alpha.1","beta.1"
0.5046,0.1307,3.86136793566099,3.79107764552489
