"","mu","theta","alpha","beta","min_counts_used"
"Pericytes__F1_Young",0.505901087647861,0.125030131152481,4.04623335978818,3.95183871117881,5
