"","mu","theta","alpha","beta","min_counts_used"
"Coronary_EC__F1_Aged",0.504680864451653,0.123605157720535,4.08300813460157,4.00726915189283,5
