ID,Description,setSize,enrichmentScore,NES,pvalue,p.adjust,qvalue,rank,leading_edge,core_enrichment,my_sign
GO:0050794,regulation of cellular process,10,-0.4465429748782266,-1.1574466520216644,0.28830645161290325,0.7526483050847458,0.7526483050847458,5,"tags=40%, list=26%, signal=62%",Ryr2/Grb10/Magi1/Eif4g3,CAST-biased
GO:0008152,metabolic process,12,0.4442390968824901,1.130179979944702,0.28867924528301886,0.7526483050847458,0.7526483050847458,4,"tags=33%, list=21%, signal=71%",Kcnq1ot1/Abcd3/Srpk2/Aoah,BL6-biased
GO:0050789,regulation of biological process,12,-0.3930329882135527,-1.0111564267826685,0.4300847457627119,0.7526483050847458,0.7526483050847458,5,"tags=33%, list=26%, signal=67%",Ryr2/Grb10/Magi1/Eif4g3,CAST-biased
GO:0065007,biological regulation,12,-0.3930329882135527,-1.0111564267826685,0.4300847457627119,0.7526483050847458,0.7526483050847458,5,"tags=33%, list=26%, signal=67%",Ryr2/Grb10/Magi1/Eif4g3,CAST-biased
GO:0009987,cellular process,16,0.44434674096184,0.94408887276944,0.6039215686274509,0.8454901960784312,0.8454901960784313,6,"tags=38%, list=32%, signal=162%",Kcnq1ot1/Abcd3/Srpk2/Aoah/Fblim1/Gbe1,BL6-biased
GO:0050896,response to stimulus,10,-0.2808921160897919,-0.7280769324297863,0.8044354838709677,0.845703125,0.845703125,5,"tags=30%, list=26%, signal=47%",Ryr2/Grb10/Magi1,CAST-biased
GO:0044238,primary metabolic process,10,0.24568808652091062,0.6448620455541308,0.845703125,0.845703125,0.845703125,4,"tags=30%, list=21%, signal=50%",Abcd3/Srpk2/Aoah,BL6-biased
