"mu.1","theta.1","alpha.1","beta.1"
0.4882,0.8752,0.557793397063067,0.584767255283137
