"mu.1","theta.1","alpha.1","beta.1"
0.507,0.2607,1.94456470202454,1.89082117210265
