"mu","theta","alpha","beta"
0.522762045699666,0.239381627771814,2.18380186719249,1.99362816078455
