"mu","theta","alpha","beta"
0.502289397643921,0.178572810409982,2.81279886053607,2.78715780534223
