"mu","theta","alpha","beta"
0.506668812488684,0.0668532186208962,7.57882451945725,7.37931841859169
