"mu.1","theta.1","alpha.1","beta.1"
0.5215,0.3519,1.48203507739483,1.36005077803967
