"mu","theta","alpha","beta"
0.498515354361472,0.153543574150505,3.2467353786673,3.26607380616896
