"pipeline","effect_bin","threshold","n_genes","positives","negatives","TP","FP","FN","TN","calls","TPR","FPR"
"ver","balanced",0.1,95,0,95,0,69,0,26,69,NA,0.726315789473684
"ver","tiny",0.1,190,190,0,134,0,56,0,134,0.705263157894737,NA
"ver","small",0.1,665,665,0,383,0,282,0,383,0.57593984962406,NA
"ver","moderate",0.1,477,477,0,303,0,174,0,303,0.635220125786163,NA
"ver","large",0.1,573,573,0,567,0,6,0,567,0.989528795811518,NA
