"mu.1","theta.1","alpha.1","beta.1"
0.5233,0.3273,1.59871224223729,1.45630418689532
