mu,theta,alpha,beta,min_counts_used
MacFib,0.501137411607063,0.106838039478485,4.69062717786003,4.6693349187992,5
