"mu","theta","alpha","beta"
0.530834065540694,0.237507050465984,2.23502445295501,1.97537687213416
