"mu","theta","alpha","beta"
0.507627291936473,0.10823411401764,4.69008589892224,4.54914527210231
