"mu.1","theta.1","alpha.1","beta.1"
0.5125,0.3154,1.62504973912062,1.54600829164637
