ID,Description,setSize,enrichmentScore,NES,pvalue,p.adjust,qvalue,rank,leading_edge,core_enrichment,my_sign
GO:0050789,regulation of biological process,11,0.5859529801389851,1.3304452724272071,0.11967213114754098,0.27559055118110237,0.27559055118110237,4,"tags=36%, list=22%, signal=73%",Mpp7/Rad51b/Atp8a1/Prickle1,BL6-biased
GO:0050794,regulation of cellular process,11,0.5859529801389851,1.3304452724272071,0.11967213114754098,0.27559055118110237,0.27559055118110237,4,"tags=36%, list=22%, signal=73%",Mpp7/Rad51b/Atp8a1/Prickle1,BL6-biased
GO:0008150,biological_process,17,0.8617394823513949,1.2084810241949615,0.13779527559055119,0.27559055118110237,0.27559055118110237,16,"tags=94%, list=89%, signal=188%",Mpp7/Rad51b/Atp8a1/Prickle1/Vps13a/Usp53/Slc4a4/St3gal6/Pan3/Macf1/Slco2a1/Bcam/Stxbp6/Sema5a/Frk/Smap1,BL6-biased
GO:0009987,cellular process,17,0.8617394823513949,1.2084810241949615,0.13779527559055119,0.27559055118110237,0.27559055118110237,16,"tags=94%, list=89%, signal=188%",Mpp7/Rad51b/Atp8a1/Prickle1/Vps13a/Usp53/Slc4a4/St3gal6/Pan3/Macf1/Slco2a1/Bcam/Stxbp6/Sema5a/Frk/Smap1,BL6-biased
GO:0065007,biological regulation,13,0.4749255364065459,1.063692181535098,0.3784219001610306,0.605475040257649,0.605475040257649,4,"tags=31%, list=22%, signal=86%",Mpp7/Rad51b/Atp8a1/Prickle1,BL6-biased
GO:0051179,localization,11,0.35816879597205914,0.8132461093020499,0.7688524590163934,0.8498789346246973,0.8498789346246973,5,"tags=36%, list=28%, signal=68%",Mpp7/Atp8a1/Prickle1/Vps13a,BL6-biased
GO:0006810,transport,10,-0.27830093680780865,-0.6513813609673293,0.8498789346246973,0.8498789346246973,0.8498789346246973,2,"tags=20%, list=11%, signal=40%",Smap1/Pcsk6,CAST-biased
GO:0051234,establishment of localization,10,-0.27830093680780865,-0.6513813609673293,0.8498789346246973,0.8498789346246973,0.8498789346246973,2,"tags=20%, list=11%, signal=40%",Smap1/Pcsk6,CAST-biased
