ID,Description,setSize,enrichmentScore,NES,pvalue,p.adjust,qvalue,rank,leading_edge,core_enrichment,my_sign
GO:0050789,regulation of biological process,11,0.5848761238376945,1.3331326215530948,0.11822660098522167,0.27559055118110237,0.27559055118110237,4,"tags=36%, list=22%, signal=73%",Mpp7/Rad51b/Atp8a1/Prickle1,BL6-biased
GO:0050794,regulation of cellular process,11,0.5848761238376945,1.3331326215530948,0.11822660098522167,0.27559055118110237,0.27559055118110237,4,"tags=36%, list=22%, signal=73%",Mpp7/Rad51b/Atp8a1/Prickle1,BL6-biased
GO:0008150,biological_process,17,0.8607964025877223,1.209565799396509,0.13779527559055119,0.27559055118110237,0.27559055118110237,16,"tags=94%, list=89%, signal=188%",Mpp7/Rad51b/Atp8a1/Prickle1/Vps13a/Usp53/Slc4a4/St3gal6/Pan3/Macf1/Slco2a1/Bcam/Stxbp6/Sema5a/Frk/Smap1,BL6-biased
GO:0009987,cellular process,17,0.8607964025877223,1.209565799396509,0.13779527559055119,0.27559055118110237,0.27559055118110237,16,"tags=94%, list=89%, signal=188%",Mpp7/Rad51b/Atp8a1/Prickle1/Vps13a/Usp53/Slc4a4/St3gal6/Pan3/Macf1/Slco2a1/Bcam/Stxbp6/Sema5a/Frk/Smap1,BL6-biased
GO:0065007,biological regulation,13,0.4735731500152318,1.064280752707435,0.37964458804523427,0.6074313408723748,0.6074313408723748,4,"tags=31%, list=22%, signal=86%",Mpp7/Rad51b/Atp8a1/Prickle1,BL6-biased
GO:0051179,localization,11,0.35552226265140235,0.8103567690865037,0.7701149425287356,0.8523002421307506,0.8523002421307506,5,"tags=36%, list=28%, signal=68%",Mpp7/Atp8a1/Prickle1/Vps13a,BL6-biased
GO:0006810,transport,10,-0.2789575593494088,-0.6505760161883614,0.8523002421307506,0.8523002421307506,0.8523002421307506,2,"tags=20%, list=11%, signal=40%",Smap1/Pcsk6,CAST-biased
GO:0051234,establishment of localization,10,-0.2789575593494088,-0.6505760161883614,0.8523002421307506,0.8523002421307506,0.8523002421307506,2,"tags=20%, list=11%, signal=40%",Smap1/Pcsk6,CAST-biased
