"gene","p_intercept","p_sex","pvalue","padj_intercept","padj_sex","padj"
"Arhgap15",0.736006904905793,0.494422318043612,0.736006904905793,0.975711441827877,0.692191245261057,0.975711441827877
"Bcl2",0.0742924391396452,0.416559670777425,0.0742924391396452,0.260023536988758,0.692191245261057,0.260023536988758
"Dock2",0.408311147351132,0.0715114959484212,0.408311147351132,0.952726010485975,0.250290235819474,0.952726010485975
"Gm2682",0,0,0,0,0,0
"Malat1",0.926296571853781,0.695055082473959,0.926296571853781,0.975711441827877,0.718548853815336,0.975711441827877
"Skap1",0.975711441827877,0.718548853815336,0.975711441827877,0.975711441827877,0.718548853815336,0.975711441827877
"St6galnac3",0.787998256708035,0.151228705787051,0.787998256708035,0.975711441827877,0.352866980169785,0.975711441827877
