"gene","p_intercept","p_sex","pvalue","padj_intercept","padj_sex","padj"
"Arhgap15",0.420475347040037,0.697340050936219,0.420475347040037,0.756855624672067,0.998293383103535,0.756855624672067
"Bcl2",0.0719225324605157,0.344708728292433,0.0719225324605157,0.647302792144641,0.998293383103535,0.647302792144641
"Dock2",0.326273860497637,0.0732995398208984,0.326273860497637,0.756855624672067,0.659695858388085,0.756855624672067
"Gm2682",0.998329624659021,0.998293383103535,0.998329624659021,0.998329624659021,0.998293383103535,0.998329624659021
"Malat1",0.609042306376307,0.245729456600759,0.609042306376307,0.783054393912394,0.998293383103535,0.783054393912394
"Pde3b",0.362652135880349,0.510307585886485,0.362652135880349,0.756855624672067,0.998293383103535,0.756855624672067
"Pitpnc1",0.592885960904483,0.656030179721465,0.592885960904483,0.783054393912394,0.998293383103535,0.783054393912394
"Skap1",0.821270278658896,0.932799911945693,0.821270278658896,0.923929063491258,0.998293383103535,0.923929063491258
"Zeb1",0.249245829033546,0.856729277512903,0.249245829033546,0.756855624672067,0.998293383103535,0.756855624672067
