"mu","theta","alpha","beta"
0.497593589843648,0.100461291397257,4.95308773083554,5.00099494211826
