"mu.1","theta.1","alpha.1","beta.1"
0.5073,0.1801,2.8161477343583,2.73483179218794
