"mu","theta","alpha","beta"
0.499325885978428,0.209240856693699,2.38636896191539,2.39281238823492
