"mu","theta","alpha","beta"
0.494637630733335,0.509466064317102,0.970894168184405,0.991945106184968
