"","mu","theta","alpha","beta","min_counts_used"
"Pericytes__F1_Aged",0.501249131802416,0.143712766758463,3.48785388458119,3.47047015687778,5
