"mu.1","theta.1","alpha.1","beta.1"
0.5045,0.1661,3.03777899636576,2.98361456552534
