ID,Description,GeneRatio,BgRatio,RichFactor,FoldEnrichment,zScore,pvalue,p.adjust,qvalue,geneID,Count
GO:0006935,chemotaxis,21/207,132/4116,0.1590909090909091,3.1633728590250327,5.812941266501939,1.7381461074907889e-6,0.0023873436786385985,0.0022541010572933178,Angpt1/Bmpr2/Cxcl1/Epha7/Fgf7/Gab1/Lpar1/Lyn/Mcu/Mycbp2/Nedd9/Nr4a1/Parva/Ptprj/Sema5a/Smoc2/St6gal1/Syk/Tgfb1/Vav3/Vcam1,21
GO:0042330,taxis,21/207,132/4116,0.1590909090909091,3.1633728590250327,5.812941266501939,1.7381461074907889e-6,0.0023873436786385985,0.0022541010572933178,Angpt1/Bmpr2/Cxcl1/Epha7/Fgf7/Gab1/Lpar1/Lyn/Mcu/Mycbp2/Nedd9/Nr4a1/Parva/Ptprj/Sema5a/Smoc2/St6gal1/Syk/Tgfb1/Vav3/Vcam1,21
