"mu.1","theta.1","alpha.1","beta.1"
0.4926,0.2133,2.30938876491861,2.37852066006386
