"mu","theta","alpha","beta"
0.395480616390441,0.512582455901608,0.771545361799028,1.17936027003936
