"mu.1","theta.1","alpha.1","beta.1"
0.4958,0.2089,2.37308506689871,2.41314589102364
