"mu","theta","alpha","beta"
0.5,0.512582455510545,0.975452816663395,0.975452816663395
