"mu.1","theta.1","alpha.1","beta.1"
0.4961,0.1413,3.51199837083667,3.56710761048892
