"mu","theta","alpha","beta"
0.49736755880914,0.125637142022974,3.95876212082406,4.00066758203518
