"mu","theta","alpha","beta"
0.495303022831501,0.269647871882613,1.83685122145938,1.87168907970544
