"mu","theta","alpha","beta"
0.501699809147434,0.242522350483914,2.06867452895114,2.05465677640964
