"mu","theta","alpha","beta"
0.507727770445193,0.538758843199053,0.942402666525894,0.913715358492833
