"mu.1","theta.1","alpha.1","beta.1"
0.507,0.2607,1.94456470207579,1.89082117215463
