ID,Description,GeneRatio,BgRatio,RichFactor,FoldEnrichment,zScore,pvalue,p.adjust,qvalue,geneID,Count
GO:0008015,blood circulation,19/129,134/2406,0.1417910447761194,2.644567858382506,4.6619854522259105,5.760339539823819e-5,0.04293583669465053,0.04176145251089575,Adra1a/Arhgap35/Atp1b1/Cacna1c/Cacna2d1/Dsg2/Ext1/Irag1/Itga1/Kcnd2/Myh6/Myl2/Ncald/Pln/Prkg1/Rnls/Ryr2/Slit2/Tnnt2,19
GO:0008016,regulation of heart contraction,12/129,62/2406,0.1935483870967742,3.6099024756189046,4.954641096504857,7.322780896014506e-5,0.04293583669465053,0.04176145251089575,Adra1a/Atp1b1/Cacna1c/Cacna2d1/Dsg2/Kcnd2/Myh6/Myl2/Pln/Rnls/Ryr2/Tnnt2,12
GO:0002027,regulation of heart rate,8/129,29/2406,0.27586206896551724,5.145148356054531,5.344355842159934,9.088405527728013e-5,0.04293583669465053,0.04176145251089575,Adra1a/Cacna1c/Cacna2d1/Dsg2/Myh6/Pln/Rnls/Ryr2,8
GO:0060047,heart contraction,13/129,75/2406,0.17333333333333334,3.2328682170542637,4.6751275822454925,1.2061964960963081e-4,0.04293583669465053,0.04176145251089575,Adra1a/Atp1b1/Cacna1c/Cacna2d1/Dsg2/Ext1/Kcnd2/Myh6/Myl2/Pln/Rnls/Ryr2/Tnnt2,13
GO:0060048,cardiac muscle contraction,10/129,47/2406,0.2127659574468085,3.9683325086590795,4.8906703100853886,1.3127775112243293e-4,0.04293583669465053,0.04176145251089575,Adra1a/Atp1b1/Cacna1c/Cacna2d1/Dsg2/Myh6/Myl2/Pln/Ryr2/Tnnt2,10
GO:0003013,circulatory system process,19/129,143/2406,0.13286713286713286,2.4781265246381525,4.337187848403514,1.428813201153096e-4,0.04293583669465053,0.04176145251089575,Adra1a/Arhgap35/Atp1b1/Cacna1c/Cacna2d1/Dsg2/Ext1/Irag1/Itga1/Kcnd2/Myh6/Myl2/Ncald/Pln/Prkg1/Rnls/Ryr2/Slit2/Tnnt2,19
