"term","estimate","se","z","p","gene"
"sexM",0.530628251034978,0.317772590030288,1.66983644179129,0.101328871566673,"Celf2"
"sexM",0.108864886378862,0.0601529342320067,1.80980176227108,0.0749498915437002,"Malat1"
