"gene","converged","iter","null_dev","deviance","df_null","df_resid","r2_mcfadden"
"Celf2",TRUE,3,98.6936841178561,93.7571212108206,50,49,0.0500190356775061
"Malat1",TRUE,3,86.871906558305,82.732517741607,66,65,0.0476493377513219
