"","mu","theta","alpha","beta","min_counts_used"
"Unknown_1__F1_Aged",0.504181852352631,0.120173086257683,4.1954639599713,4.12586680668418,5
