"mu.1","theta.1","alpha.1","beta.1"
0.5012,0.1138,4.40521318666285,4.38423925894535
