"mu.1","theta.1","alpha.1","beta.1"
0.496,0.8178,0.606441203854569,0.616289982551254
