"mu.1","theta.1","alpha.1","beta.1"
0.5071,0.1879,2.69853944598731,2.62321553578491
