gene,padj_Aged,padj_Young
Aox1,0.0284725855826563,0.0367868617111606
Arhgap12,3.95557190058358e-7,0.0280269452973926
Bank1,0.00376603944946621,0.00121854029773881
Bmpr2,0.0675602798170496,0.0130129912296266
Cblb,0.00181227527441493,2.99793283396127e-6
Ccar1,0.0352493011281272,2.38022117568218e-6
D830032E09Rik,0.00186456419330373,0.00494065664381635
Fstl4,0.0126310975073559,2.7352206988163e-4
Grb10,0.0951478934358189,0.0130129912296266
Herc2,1.51636547337529e-5,2.5596901532874e-4
Mapk10,0.00553692871408621,0.0523126578878898
Mrps6,0.0294424702966275,0.0994330266168274
Nr6a1,6.5619528321895e-4,9.8334466886368e-4
Pbx3,4.88255387754353e-5,0.0109836355473423
Rev3l,0.00105530320202202,4.744193958704e-7
Srrm1,0.0894174669030218,1.3546584732341e-4
Tcp11l2,0.062946828244493,6.33720448362105e-5
