"mu.1","theta.1","alpha.1","beta.1"
0.5178,0.3593,1.44130260554369,1.34218729917144
