"mu.1","theta.1","alpha.1","beta.1"
0.4992,0.146,3.41900422342227,3.42994762940496
