"mu.1","theta.1","alpha.1","beta.1"
0.4754,0.9347,0.508592668273889,0.561266824277752
