ID,Description,GeneRatio,BgRatio,RichFactor,FoldEnrichment,zScore,pvalue,p.adjust,qvalue,geneID,Count
GO:0086002,cardiac muscle cell action potential involved in contraction,9/311,14/2309,0.6428571428571429,4.772852549379881,5.585253123996795,1.4093803970463209e-5,0.01647565684147149,0.016066936526328058,Ank2/Cacna1c/Cacna2d1/Cacnb2/Dsg2/Kcnn2/Kcnq1/Nedd4l/Ryr2,9
GO:0086065,cell communication involved in cardiac conduction,9/311,14/2309,0.6428571428571429,4.772852549379881,5.585253123996795,1.4093803970463209e-5,0.01647565684147149,0.016066936526328058,Ank2/Cacna1c/Cacna2d1/Cacnb2/Dsg2/Kcnn2/Kcnq1/Ryr2/Slc8a1,9
GO:0002027,regulation of heart rate,12/311,26/2309,0.46153846153846156,3.426663368785556,4.908441365457956,4.7893003054697544e-5,0.02399574052890705,0.023400465528617655,Adra1a/Ank2/Cacna1c/Cacna2d1/Cacnb2/Dsg2/Kcnq1/Myh6/Pln/Rnls/Ryr2/Slc8a1,12
GO:0061337,cardiac conduction,10/311,19/2309,0.5263157894736842,3.9075985784396683,5.019886085550397,5.131681036977556e-5,0.02399574052890705,0.023400465528617655,Ank2/Cacna1c/Cacna2d1/Cacnb2/Dsg2/Kcnn2/Kcnq1/Pln/Ryr2/Slc8a1,10
GO:0086001,cardiac muscle cell action potential,10/311,19/2309,0.5263157894736842,3.9075985784396683,5.019886085550397,5.131681036977556e-5,0.02399574052890705,0.023400465528617655,Ank2/Cacna1c/Cacna2d1/Cacnb2/Dsg2/Kcnd2/Kcnn2/Kcnq1/Nedd4l/Ryr2,10
GO:0071805,potassium ion transmembrane transport,14/311,35/2309,0.4,2.969774919614148,4.631863477691599,7.83255247670075e-5,0.030520846150877256,0.02976369941146285,Ank2/Ano6/Atp1b1/Kcnd2/Kcnip4/Kcnj3/Kcnn2/Kcnq1/Kcnq5/Nedd4l/Pkd2/Slc12a2/Stk39/Ywhae,14
GO:0060048,cardiac muscle contraction,16/311,45/2309,0.35555555555555557,2.639799928545909,4.3818677267462105,1.288914831941068e-4,0.03767188016310683,0.03673733394862429,Adra1a/Ank2/Atp1b1/Cacna1c/Cacna2d1/Cacnb2/Dsg2/Kcnn2/Kcnq1/Myh6/Myl2/Nedd4l/Pln/Ryr2/Slc8a1/Tnnt2,16
GO:0098771,inorganic ion homeostasis,28/311,104/2309,0.2692307692307692,1.998886965124907,4.111772460626946,1.428868403747697e-4,0.03767188016310683,0.03673733394862429,Ank2/Atp1b1/Cacna1c/Cacnb2/Commd1/Corin/Cp/Erc1/Ext1/Fto/Grm1/Itpr2/Kcnq1/Mtss1/Myo5a/Neo1/Nt5e/Pkd2/Plcl1/Pln/Rnls/Ryr2/Slc12a2/Slc8a1/Stk39/Trpc3/Ubash3b/Ywhae,28
GO:0006813,potassium ion transport,15/311,41/2309,0.36585365853658536,2.716257548427574,4.373742577000741,1.4501579190246428e-4,0.03767188016310683,0.03673733394862429,Ank2/Ano6/Atp1b1/Gck/Kcnd2/Kcnip4/Kcnj3/Kcnn2/Kcnq1/Kcnq5/Nedd4l/Pkd2/Slc12a2/Stk39/Ywhae,15
