"mu","theta","alpha","beta"
0.509222711401245,0.346708589028169,1.46873405365759,1.4155325369193
