mu,theta,alpha,beta,min_counts_used
Fibroblast,0.508651836972845,0.173808200828718,2.92651229658665,2.82695615445304,5
