"mu.1","theta.1","alpha.1","beta.1"
0.4929,0.1445,3.41162163272967,3.51020809987691
