"mu.1","theta.1","alpha.1","beta.1"
0.4973,1.0283,0.483651907005504,0.488824159840143
