"","mu","theta","alpha","beta","min_counts_used"
"Cardiomyocyte__F1_Young",0.509839606418302,0.133001152742014,3.83334727487099,3.68538455100818,5
