ID,Description,GeneRatio,BgRatio,RichFactor,FoldEnrichment,zScore,pvalue,p.adjust,qvalue,geneID,Count
GO:0010876,lipid localization,14/150,27/996,0.5185185185185185,3.4429629629629632,5.416376744420376,5.990037970920008e-6,0.009350449272606132,0.009016583472016435,Abca8a/Abca8b/Agtr1a/Ano6/Atp8a1/Cd36/Fabp4/Gulp1/Osbpl3/Pip4k2a/Pitpnc1/Slco3a1/Tmem135/Vapa,14
GO:0006869,lipid transport,13/150,26/996,0.5,3.32,5.044995464340121,2.2264497811278303e-5,0.017377440541702715,0.01675696414217262,Abca8a/Abca8b/Agtr1a/Ano6/Atp8a1/Cd36/Fabp4/Gulp1/Osbpl3/Pip4k2a/Pitpnc1/Slco3a1/Vapa,13
GO:0001508,action potential,10/150,19/996,0.5263157894736842,3.4947368421052634,4.620896569465201,1.233547385515094e-4,0.04862516195461609,0.04688895889618734,Ank2/Ank3/Cacna1c/Cacna2d1/Cacnb2/Camk2d/Cd36/Gna14/Pawr/Scn3a,10
GO:0098900,regulation of action potential,7/150,10/996,0.7,4.648,4.879646492755842,1.246000306332251e-4,0.04862516195461609,0.04688895889618734,Ank2/Ank3/Cacna1c/Cacna2d1/Camk2d/Cd36/Pawr,7
