"mu.1","theta.1","alpha.1","beta.1"
0.5105,0.163,3.1321934865424,3.00387966426509
