"mu","theta","alpha","beta"
0.492691211257354,0.185894053875798,2.65038714786723,2.72902106423262
