"Method1","Method2","N_union","Pearson_r","Pearson_p","Spearman_rho","Spearman_p","Concordance"
"scDALI","glmmTMB",3136,0.931235406429046,0,0.934933451714606,0,0.88297193877551
"scDALI","GAMLSS",3010,0.889113143556551,0,0.952519286644187,0,0.887965425531915
"ASPEN","glmmTMB",3173,0.938337114648087,0,0.638916702551934,0,0.580227416298168
"ASPEN","GAMLSS",3050,0.882785210065819,0,0.640290780183333,0,0.58024286183131
"glmmTMB","GAMLSS",2855,0.951649232258613,0,0.997320725686822,0,0.997896950578339
"ASPEN","scDALI",3212,0.827699248194416,0,0.695526053639515,0,0.606752110034386
