"mu.1","theta.1","alpha.1","beta.1"
0.4981,0.1483,3.35784308137222,3.38381730437748
