"","mu","theta","alpha","beta","min_counts_used"
"Coronary_EC__F1_Young",0.506521262734933,0.129095154895075,3.9236272123971,3.82259688728175,5
