ID,Description,GeneRatio,BgRatio,RichFactor,FoldEnrichment,zScore,pvalue,p.adjust,qvalue,geneID,Count
GO:0097553,calcium ion transmembrane import into cytosol,5/14,32/1491,0.15625,16.640625,8.704991494222943,5.761216375804788e-6,0.004954646083192117,0.004554393156030943,Adra1a/Gpr39/Itpr2/Plcb1/Ryr2,5
GO:0051208,sequestering of calcium ion,4/14,24/1491,0.16666666666666666,17.75,8.051416248002614,4.654243210577361e-5,0.007920837932485623,0.007280966079922526,Gpr39/Itpr2/Plcb1/Ryr2,4
GO:0051209,release of sequestered calcium ion into cytosol,4/14,24/1491,0.16666666666666666,17.75,8.051416248002614,4.654243210577361e-5,0.007920837932485623,0.007280966079922526,Gpr39/Itpr2/Plcb1/Ryr2,4
GO:0051282,regulation of sequestering of calcium ion,4/14,24/1491,0.16666666666666666,17.75,8.051416248002614,4.654243210577361e-5,0.007920837932485623,0.007280966079922526,Gpr39/Itpr2/Plcb1/Ryr2,4
GO:0051283,negative regulation of sequestering of calcium ion,4/14,24/1491,0.16666666666666666,17.75,8.051416248002614,4.654243210577361e-5,0.007920837932485623,0.007280966079922526,Gpr39/Itpr2/Plcb1/Ryr2,4
GO:0070588,calcium ion transmembrane transport,5/14,50/1491,0.1,10.65,6.755340269165184,5.526165999408574e-5,0.007920837932485623,0.007280966079922526,Adra1a/Gpr39/Itpr2/Plcb1/Ryr2,5
GO:0006816,calcium ion transport,5/14,57/1491,0.08771929824561403,9.342105263157894,6.2503656153921066,1.0533019962077275e-4,0.012940567381980652,0.011895184949654187,Adra1a/Gpr39/Itpr2/Plcb1/Ryr2,5
GO:0051651,maintenance of location in cell,4/14,37/1491,0.10810810810810811,11.513513513513514,6.302798753026062,2.6952562863394e-4,0.02897400507814855,0.026633387776853812,Gpr39/Itpr2/Plcb1/Ryr2,4
GO:0051235,maintenance of location,4/14,39/1491,0.10256410256410256,10.923076923076922,6.111703229388549,3.3201965627307085e-4,0.03172632271053788,0.029163363960359793,Gpr39/Itpr2/Plcb1/Ryr2,4
