"mu.1","theta.1","alpha.1","beta.1"
0.5051,0.1729,2.9221003989965,2.86270758133342
