"mu","theta","alpha","beta"
0.494952584888345,0.183640958914448,2.69521890875623,2.75018938093729
