"mu.1","theta.1","alpha.1","beta.1"
0.5154,1.9337,0.266524058814524,0.250623248504973
