"mu","theta","alpha","beta"
0.49953519692961,0.454510657163037,1.09906157106988,1.10110686115523
