"","mu","theta","alpha","beta","min_counts_used"
"M2__F1_Aged",0.504104863881893,0.123635703094245,4.0773405356673,4.01093797104947,5
