"mu.1","theta.1","alpha.1","beta.1"
0.5034,0.1281,3.92888654114119,3.87597230506196
