"term","estimate","se","z","p","gene"
"sexM",-0.613394790786546,0.260028087164267,-2.3589559015563,0.0221184602426503,"F13a1"
"sexM",-0.0373301311837571,0.0852917582663869,-0.437675713838212,0.662800762864467,"Malat1"
"sexM",-0.504026606457356,0.243595980879555,-2.06910887707367,0.0437245112999558,"Mrc1"
"sexM",-0.151535152235775,0.282402294630743,-0.536593204506061,0.593793999683506,"Pid1"
