"gene","converged","iter","null_dev","deviance","df_null","df_resid","r2_mcfadden"
"F13a1",TRUE,4,145.044746888499,132.56473408038,53,52,0.0860425011993897
"Malat1",TRUE,3,152.853889094343,152.51179310201,81,80,0.00223805880478434
"Mrc1",TRUE,4,102.547265619401,94.9452847103341,51,50,0.0741314833033321
"Pid1",TRUE,4,168.789037026035,168.02807264855,54,53,0.00450837560835204
