"","mu","theta","alpha","beta","min_counts_used"
"Myeloid__F1_Aged",0.498468156345577,0.218544099416583,2.28085845225869,2.29487707512256,5
