"mu.1","theta.1","alpha.1","beta.1"
0.4924,0.229,2.15016791006167,2.21662387782913
