ID,Description,setSize,enrichmentScore,NES,pvalue,p.adjust,qvalue,rank,leading_edge,core_enrichment,my_sign
GO:0050789,regulation of biological process,10,-0.7030255334021882,-1.3233931785566935,0.14285714285714285,0.23809523809523808,0.23809523809523805,5,"tags=40%, list=33%, signal=80%",Stxbp6/Clic4/Mctp1/Grb10,CAST-biased
GO:0050794,regulation of cellular process,10,-0.7030255334021882,-1.3233931785566935,0.14285714285714285,0.23809523809523808,0.23809523809523805,5,"tags=40%, list=33%, signal=80%",Stxbp6/Clic4/Mctp1/Grb10,CAST-biased
GO:0065007,biological regulation,10,-0.7030255334021882,-1.3233931785566935,0.14285714285714285,0.23809523809523808,0.23809523809523805,5,"tags=40%, list=33%, signal=80%",Stxbp6/Clic4/Mctp1/Grb10,CAST-biased
GO:0009987,cellular process,12,-0.4344663399002695,-0.8149723473628809,0.8285714285714286,0.9439252336448598,0.9439252336448598,5,"tags=33%, list=33%, signal=111%",Stxbp6/Clic4/Mctp1/Grb10,CAST-biased
GO:0008150,biological_process,13,-0.42415887360461374,-0.7553129625991671,0.9439252336448598,0.9439252336448598,0.9439252336448598,5,"tags=31%, list=33%, signal=154%",Stxbp6/Clic4/Mctp1/Grb10,CAST-biased
