"mu.1","theta.1","alpha.1","beta.1"
0.5071,0.1749,2.90031931343321,2.81872319588111
