"","mu","theta","alpha","beta","min_counts_used"
"Cardiomyocyte__F1_Aged",0.508198183926937,0.165748012934693,3.06608914899737,2.96716568340907,5
