"gene","converged","iter","null_dev","deviance","df_null","df_resid","r2_mcfadden"
"Celf2",TRUE,3,131.44405689623,131.267881212475,56,55,0.001340309238127
"Malat1",TRUE,3,173.563641867461,163.626475884418,62,61,0.0572537305401313
