"term","estimate","se","z","p","gene"
"sexM",0.0642024431683968,0.222171387519618,0.288977099549903,0.77368534063538,"Celf2"
"sexM",0.122934422103213,0.0636998174799368,1.92990226607687,0.0582725742285397,"Malat1"
