"mu.1","theta.1","alpha.1","beta.1"
0.5071,0.1601,3.16844292753801,3.0791446745349
