"","mu","theta","alpha","beta","min_counts_used"
"Mesothelial__F1_Aged",0.508706968988947,0.163881772399162,3.10410951469273,2.99785036382464,5
