"","mu","theta","alpha","beta","min_counts_used"
"MacFib__F1_Aged",0.500739457000425,0.10373041793471,4.82731552586243,4.81305824212353,5
