"mu.1","theta.1","alpha.1","beta.1"
0.4986,0.2283,2.18427987538689,2.19624443179848
