"mu.1","theta.1","alpha.1","beta.1"
0.5125,0.3154,1.6250497391311,1.54600829165579
