ID,Description,GeneRatio,BgRatio,RichFactor,FoldEnrichment,zScore,pvalue,p.adjust,qvalue,geneID,Count
GO:0030168,platelet activation,10/291,24/3190,0.4166666666666667,4.567583046964491,5.557428750982713,2.1100471993036423e-5,0.026208987143191625,0.025491524086248038,Apoe/Axl/Cd9/Evl/Pdgfra/Pla2g4a/Prkg1/Serpine2/Syk/Tlr4,10
GO:0010543,regulation of platelet activation,8/291,16/3190,0.5,5.481099656357388,5.692339300522824,2.929469501847052e-5,0.026208987143191625,0.025491524086248038,Apoe/Cd9/Pdgfra/Pla2g4a/Prkg1/Serpine2/Syk/Tlr4,8
GO:0071402,cellular response to lipoprotein particle stimulus,8/291,16/3190,0.5,5.481099656357388,5.692339300522824,2.929469501847052e-5,0.026208987143191625,0.025491524086248038,Adam17/Apoe/Cd9/Ces1d/Ldlr/Socs5/Syk/Tlr4,8
