"mu","theta","alpha","beta"
0.500351491182376,0.155963541637893,3.20813111787409,3.20362376726273
