"mu","theta","alpha","beta"
0.498774652818299,0.0895462103850478,5.57002524923805,5.59739317863299
