"mu","theta","alpha","beta"
0.486570247933884,0.0775325614830789,6.27568906052557,6.62211775601106
