gene,bb_mu_Aged,padj_Aged,bb_mu_Young,padj_Young
Prkg1,0.18644685146786,5.35114581335004e-6,0.136428571428571,1.18455833088057e-7
