"pipeline","effect_bin","threshold","n_genes","positives","negatives","TP","FP","FN","TN","calls","TPR","FPR"
"orig",NA,0.1,2000,1174,826,274,81,900,745,355,0.233390119250426,0.0980629539951574
"phi",NA,0.1,2000,1174,826,287,138,887,688,425,0.244463373083475,0.167070217917676
"ver",NA,0.1,2000,1174,826,276,104,898,722,380,0.235093696763203,0.12590799031477
