"pipeline","effect_bin","threshold","n_genes","positives","negatives","TP","FP","FN","TN","calls","TPR","FPR"
"orig","balanced",0.1,826,0,826,0,81,0,745,81,NA,0.0980629539951574
"orig","moderate",0.1,543,543,0,121,0,422,0,121,0.222836095764273,NA
"orig","large",0.1,631,631,0,153,0,478,0,153,0.242472266244057,NA
"phi","balanced",0.1,826,0,826,0,138,0,688,138,NA,0.167070217917676
"phi","moderate",0.1,543,543,0,132,0,411,0,132,0.243093922651934,NA
"phi","large",0.1,631,631,0,155,0,476,0,155,0.245641838351823,NA
"ver","balanced",0.1,826,0,826,0,104,0,722,104,NA,0.12590799031477
"ver","moderate",0.1,543,543,0,123,0,420,0,123,0.226519337016575,NA
"ver","large",0.1,631,631,0,153,0,478,0,153,0.242472266244057,NA
