"mu.1","theta.1","alpha.1","beta.1"
0.5056,0.2134,2.36925050517663,2.31702255924345
