"mu.1","theta.1","alpha.1","beta.1"
0.5213,1.5312,0.340453862956893,0.312636919476457
