"","mu","theta","alpha","beta","min_counts_used"
"Fibroblast__F1_Young",0.512299030239738,0.159841116361329,3.20505162815341,3.05116093319686,5
