"mu","theta","alpha","beta"
0.501422475106686,0.0657507158575376,7.62611431019428,7.58284557651942
