ID,Description,GeneRatio,BgRatio,RichFactor,FoldEnrichment,zScore,pvalue,p.adjust,qvalue,geneID,Count
GO:0010876,lipid localization,15/197,27/996,0.5555555555555556,2.8087986463620984,4.729132494623315,3.1319436970982906e-5,0.028515425067712413,0.0279402408324433,Abca8a/Abca8b/Agtr1a/Ano6/Atp8a1/Cd36/Dennd5b/Fabp4/Gulp1/Osbpl3/Pip4k2a/Pitpnc1/Slco3a1/Tmem135/Vapa,15
GO:0001508,action potential,12/197,19/996,0.631578947368421,3.1931605663905955,4.790393738125653,3.618708764938123e-5,0.028515425067712413,0.0279402408324433,Abcc9/Ank2/Ank3/Cacna1c/Cacna2d1/Cacnb2/Camk2d/Cd36/Gna14/Gnaq/Pawr/Scn3a,12
GO:0006869,lipid transport,14/197,26/996,0.5384615384615384,2.7223740726278796,4.416716767269912,9.354277907611428e-5,0.049141139941318704,0.04814991470338934,Abca8a/Abca8b/Agtr1a/Ano6/Atp8a1/Cd36/Dennd5b/Fabp4/Gulp1/Osbpl3/Pip4k2a/Pitpnc1/Slco3a1/Vapa,14
