"mu.1","theta.1","alpha.1","beta.1"
0.5085,0.1426,3.56550473180416,3.44695627403869
