ID,Description,GeneRatio,BgRatio,pvalue,p.adjust,qvalue,geneID,Count
GO:0006869,lipid transport,14/150,27/989,6.5247466077448034e-6,0.007136523176942614,0.007072187557688723,Abca8a/Abca8b/Agtr1a/Ano6/Atp8a1/Cd36/Fabp4/Gulp1/Lima1/Osbpl3/Pip4k2a/Pitpnc1/Slco3a1/Vapa,14
GO:0010876,lipid localization,15/150,31/989,8.988064454587674e-6,0.007136523176942614,0.007072187557688723,Abca8a/Abca8b/Agtr1a/Ano6/Atp8a1/Cd36/Fabp4/Gulp1/Lima1/Osbpl3/Pip4k2a/Pitpnc1/Slco3a1/Tmem135/Vapa,15
GO:0001508,action potential,10/150,18/989,7.137491538142559e-5,0.03394450285439373,0.03363849381368065,Ank2/Ank3/Cacna1c/Cacna2d1/Cacnb2/Camk2d/Cd36/Gna14/Pawr/Scn3a,10
GO:0042391,regulation of membrane potential,16/150,40/989,8.55025260815963e-5,0.03394450285439373,0.03363849381368065,Akap6/Ank2/Ank3/Ano6/Cacna1c/Cacna2d1/Cacnb2/Camk2d/Cd36/Gna14/Nrxn1/Pawr/Pid1/Scn3a/Slc8a1/Tmem135,16
GO:0098900,regulation of action potential,7/150,10/989,1.305218961339317e-4,0.040819697791843614,0.04045170900093212,Ank2/Ank3/Cacna1c/Cacna2d1/Camk2d/Cd36/Pawr,7
GO:0015850,organic hydroxy compound transport,8/150,13/989,1.5423059619084487e-4,0.040819697791843614,0.04045170900093212,Abca8a/Abca8b/Agtr1a/Cd36/Lima1/Pip4k2a/Slc16a7/Vapa,8
