"mu","theta","alpha","beta"
0.497067954467058,0.332737143605946,1.49387576355384,1.51149955812735
