ID,Description,GeneRatio,BgRatio,RichFactor,FoldEnrichment,zScore,pvalue,p.adjust,qvalue,geneID,Count
GO:0008016,regulation of heart contraction,10/83,62/2406,0.16129032258064516,4.675476097940147,5.541184689072144,3.436347687986309e-5,0.026545779973145226,0.025799633733568042,Adra1a/Cacna1c/Cacna2d1/Kcnd2/Myh6/Myl2/Pln/Rnls/Ryr2/Tnnt2,10
GO:0002027,regulation of heart rate,7/83,29/2406,0.2413793103448276,6.997091815538015,6.1404060040444195,3.805846591131932e-5,0.026545779973145226,0.025799633733568042,Adra1a/Cacna1c/Cacna2d1/Myh6/Pln/Rnls/Ryr2,7
GO:0002026,regulation of the force of heart contraction,5/83,15/2406,0.3333333333333333,9.662650602409638,6.360314943405822,9.909042289152173e-5,0.046077046644557605,0.044781917433080694,Adra1a/Myh6/Myl2/Pln/Ryr2,5
GO:0060048,cardiac muscle contraction,8/83,47/2406,0.1702127659574468,4.9341194565496025,5.147596334731394,1.5007255977332652e-4,0.04706774852805953,0.045744772762981084,Adra1a/Cacna1c/Cacna2d1/Myh6/Myl2/Pln/Ryr2/Tnnt2,8
GO:0060047,heart contraction,10/83,75/2406,0.13333333333333333,3.8650602409638557,4.763928497662171,1.834673734929833e-4,0.04706774852805953,0.045744772762981084,Adra1a/Cacna1c/Cacna2d1/Kcnd2/Myh6/Myl2/Pln/Rnls/Ryr2/Tnnt2,10
GO:1903522,regulation of blood circulation,10/83,76/2406,0.13157894736842105,3.8142041851616995,4.711469910153841,2.0537558102122762e-4,0.04706774852805953,0.045744772762981084,Adra1a/Cacna1c/Cacna2d1/Kcnd2/Myh6/Myl2/Pln/Rnls/Ryr2/Tnnt2,10
GO:0060402,calcium ion transport into cytosol,4/83,10/2406,0.4,11.595180722891568,6.345077685141317,2.3618225067843494e-4,0.04706774852805953,0.045744772762981084,Adra1a/Cacna1c/Cacna2d1/Ryr2,4
