"mu","theta","alpha","beta"
0.497032501177579,0.329510542312472,1.50839635566575,1.52640791184599
