"mu","theta","alpha","beta"
0.498017224813514,0.261892089610408,1.90161232267217,1.91675424764924
