"mu","theta","alpha","beta"
0.498095442474315,0.0877013259315517,5.67945167514416,5.72288448543419
