ID,Description,setSize,enrichmentScore,NES,pvalue,p.adjust,qvalue,rank,leading_edge,core_enrichment,my_sign
GO:0008150,biological_process,10,0.609190684496756,0.8541216221804152,0.8180076628352491,0.8180076628352491,0.8180076628352491,6,"tags=60%, list=55%, signal=300%",Ppm1l/Ptprg/Celf2/Kcnn2/Fhl2/Kif1b,BL6-biased
GO:0009987,cellular process,10,0.609190684496756,0.8541216221804152,0.8180076628352491,0.8180076628352491,0.8180076628352491,6,"tags=60%, list=55%, signal=300%",Ppm1l/Ptprg/Celf2/Kcnn2/Fhl2/Kif1b,BL6-biased
