"mu","theta","alpha","beta"
0.500328927695712,0.124195165424513,4.0285700814966,4.02327313302702
