"mu","theta","alpha","beta"
0.507350845041743,0.265123107169361,1.91364249785156,1.85819018273482
