"mu.1","theta.1","alpha.1","beta.1"
0.498,0.1476,3.37341357344546,3.40003515709374
