"mu.1","theta.1","alpha.1","beta.1"
0.5048,0.1326,3.80748411411942,3.73575342054566
