"mu","theta","alpha","beta"
0.525512914569051,0.234157213663356,2.24427386347606,2.02636116994931
