"mu","theta","alpha","beta"
0.509900881540283,0.121281095290065,4.20428987980993,4.04101824185838
