"mu.1","theta.1","alpha.1","beta.1"
0.5045,0.1684,2.99675227743455,2.94279490256293
