"mu.1","theta.1","alpha.1","beta.1"
0.4854,0.8428,0.575927698622959,0.610634435922741
