ID,Description,setSize,enrichmentScore,NES,pvalue,p.adjust,qvalue,rank,leading_edge,core_enrichment,my_sign
GO:0050794,regulation of cellular process,11,0.6339626511705039,1.5063240335547592,0.044374009508716325,0.2662440570522979,0.23354741846692803,9,"tags=73%, list=50%, signal=94%",St3gal1/Brwd1/Unc13b/Arhgap29/Sec14l1/Kitl/Cyth1/Ssh2,BL6-biased
GO:0050789,regulation of biological process,12,0.5231803452487948,1.2326660161474383,0.19873817034700317,0.4951219512195122,0.4343175010697476,9,"tags=67%, list=50%, signal=100%",St3gal1/Brwd1/Unc13b/Arhgap29/Sec14l1/Kitl/Cyth1/Ssh2,BL6-biased
GO:0065007,biological regulation,13,0.5025738012867924,1.151504490509986,0.2597809076682316,0.4951219512195122,0.4343175010697476,10,"tags=69%, list=56%, signal=111%",St3gal1/Brwd1/Unc13b/Arhgap29/Sec14l1/Kitl/Cyth1/Ssh2/Plscr4,BL6-biased
GO:0032502,developmental process,10,0.4603992363578069,1.0917220421041138,0.3300813008130081,0.4951219512195122,0.4343175010697476,3,"tags=30%, list=17%, signal=56%",St3gal1/Brwd1/Unc13b,BL6-biased
GO:0050896,response to stimulus,13,0.39006440039491824,0.8937212952461903,0.6369327073552425,0.75,0.6578947368421053,8,"tags=54%, list=44%, signal=108%",St3gal1/Unc13b/Arhgap29/Flnb/Sec14l1/Kitl/Cyth1,BL6-biased
GO:0009987,cellular process,17,0.596205860065852,0.8323316342872488,0.75,0.75,0.6578947368421053,10,"tags=59%, list=56%, signal=471%",St3gal1/Brwd1/Unc13b/Arhgap29/Flnb/Sec14l1/Kitl/Cyth1/Ssh2/Plscr4,BL6-biased
