ID,Description,setSize,enrichmentScore,NES,pvalue,p.adjust,qvalue,rank,leading_edge,core_enrichment,my_sign
GO:0050794,regulation of cellular process,11,0.633948383699295,1.4970464152038951,0.059654631083202514,0.29827315541601257,0.29827315541601257,9,"tags=73%, list=50%, signal=94%",St3gal1/Brwd1/Unc13b/Arhgap29/Sec14l1/Kitl/Cyth1/Ssh2,BL6-biased
GO:0050896,response to stimulus,11,0.5696755820776545,1.3452684948922813,0.11930926216640503,0.29827315541601257,0.29827315541601257,8,"tags=64%, list=44%, signal=91%",St3gal1/Unc13b/Arhgap29/Flnb/Sec14l1/Kitl/Cyth1,BL6-biased
GO:0050789,regulation of biological process,12,0.523140622460682,1.2222094793143832,0.19339622641509435,0.3056426332288401,0.3056426332288401,9,"tags=67%, list=50%, signal=100%",St3gal1/Brwd1/Unc13b/Arhgap29/Sec14l1/Kitl/Cyth1/Ssh2,BL6-biased
GO:0065007,biological regulation,13,0.5025424950846555,1.1527949304293412,0.2445141065830721,0.3056426332288401,0.3056426332288401,10,"tags=69%, list=56%, signal=111%",St3gal1/Brwd1/Unc13b/Arhgap29/Sec14l1/Kitl/Cyth1/Ssh2/Plscr4,BL6-biased
GO:0009987,cellular process,17,0.5961774475142648,0.8380795362331357,0.7929824561403509,0.7929824561403509,0.7929824561403509,10,"tags=59%, list=56%, signal=471%",St3gal1/Brwd1/Unc13b/Arhgap29/Flnb/Sec14l1/Kitl/Cyth1/Ssh2/Plscr4,BL6-biased
