"mu","theta","alpha","beta"
0.495508580076647,0.276349644666288,1.79304945615186,1.82555479864127
