"mu.1","theta.1","alpha.1","beta.1"
0.4939,0.1685,2.93145463440039,3.00411396412181
