"","mu","theta","alpha","beta","min_counts_used"
"Myeloid__F1_Young",0.501080681816135,0.172306433922723,2.90807876646593,2.89553504663455,5
