"mu","theta","alpha","beta"
0.50364669302522,0.432554321676142,1.16435478224699,1.14749357965357
