gene,bb_mu_Aged,padj_Aged,bb_mu_Young,padj_Young
Errfi1,0.557208593875261,0.785581994948548,0.785294372294372,0.00221151239084205
Fhod3,0.547910159689994,0.917900361159276,0.711720646503255,0.00160396244246751
