"mu","theta","alpha","beta"
0.487612180363587,0.443279272403933,1.10001123607525,1.15590295223528
