"mu.1","theta.1","alpha.1","beta.1"
0.5044,0.1442,3.49745108358258,3.43646135513877
