"mu.1","theta.1","alpha.1","beta.1"
0.4567,0.1125,4.06120184421111,4.83123023417943
