"mu","theta","alpha","beta"
0.500167068216591,0.2570879799444,1.9455093479079,1.94420965107551
