"mu","theta","alpha","beta"
0.52911220107484,42.4053415280854,0.0124774894390228,0.0111044453825065
