"term","estimate","se","z","p","gene"
"sexM",0.235296937238631,0.215479688421567,1.09196805955229,0.27952286048858,"Celf2"
"sexM",0.00797176471392063,0.332740338199145,0.0239579149226852,0.980985501172422,"Efna5"
"sexM",-0.0255930604116743,0.0532922995360704,-0.480239371062452,0.632621462406615,"Malat1"
