"gene","converged","iter","null_dev","deviance","df_null","df_resid","r2_mcfadden"
"Celf2",TRUE,3,126.631528869855,124.256198883316,57,56,0.0187578086416378
"Efna5",TRUE,3,210.36001945133,210.357798782135,49,48,1.05565173511568e-05
"Malat1",TRUE,3,129.683810112893,129.242389741818,68,67,0.00340382018920027
