"","mu","theta","alpha","beta","min_counts_used"
"Mesothelial__F1_Young",0.512327711640132,0.163752748286568,3.12866633996003,2.97810139654231,5
