"mu.1","theta.1","alpha.1","beta.1"
0.498,0.1476,3.37341259624438,3.4000342478474
