"mu","theta","alpha","beta"
0.49694235215154,0.0849795866191825,5.84778500251453,5.91974693996575
