ID,Description,setSize,enrichmentScore,NES,pvalue,p.adjust,qvalue,rank,leading_edge,core_enrichment,my_sign
GO:0050789,regulation of biological process,12,0.6724064595756029,1.7651803070088539,0.018510017805628182,0.04319004154646576,0.02597897235877639,9,"tags=75%, list=50%, signal=112%",Stard13/Fam168a/Apba1/Adamts9/Vcl/Cacna1c/Sik3/Ldlrad4/Ptpn12,BL6-biased
GO:0050794,regulation of cellular process,12,0.6724064595756029,1.7651803070088539,0.018510017805628182,0.04319004154646576,0.02597897235877639,9,"tags=75%, list=50%, signal=112%",Stard13/Fam168a/Apba1/Adamts9/Vcl/Cacna1c/Sik3/Ldlrad4/Ptpn12,BL6-biased
GO:0065007,biological regulation,12,0.6724064595756029,1.7651803070088539,0.018510017805628182,0.04319004154646576,0.02597897235877639,9,"tags=75%, list=50%, signal=112%",Stard13/Fam168a/Apba1/Adamts9/Vcl/Cacna1c/Sik3/Ldlrad4/Ptpn12,BL6-biased
GO:0032502,developmental process,10,0.5710209146987827,1.5608712432767011,0.05549438544845738,0.07769213962784033,0.04673211406185885,9,"tags=80%, list=50%, signal=90%",Stard13/Apba1/Adamts9/Vcl/Cacna1c/Sik3/Ldlrad4/Ptpn12,BL6-biased
GO:0048856,anatomical structure development,10,0.5710209146987827,1.5608712432767011,0.05549438544845738,0.07769213962784033,0.04673211406185885,9,"tags=80%, list=50%, signal=90%",Stard13/Apba1/Adamts9/Vcl/Cacna1c/Sik3/Ldlrad4/Ptpn12,BL6-biased
GO:0009987,cellular process,14,0.6258553438999012,1.5233945142921672,0.06720430107526881,0.07840501792114696,0.04716091303527636,10,"tags=71%, list=56%, signal=143%",Stard13/Fam168a/Apba1/Adamts9/Vcl/Cacna1c/Sik3/Ldlrad4/Ptpn12/Tulp4,BL6-biased
GO:0008150,biological_process,16,0.5256506899155137,1.0035349993753666,0.4350132625994695,0.4350132625994695,0.26166211284178614,10,"tags=62%, list=56%, signal=250%",Stard13/Fam168a/Apba1/Adamts9/Vcl/Cacna1c/Sik3/Ldlrad4/Ptpn12/Tulp4,BL6-biased
