"mu","theta","alpha","beta"
0.503614233083057,0.0721488320766788,6.98021324236854,6.88002497932871
