"mu.1","theta.1","alpha.1","beta.1"
0.4785,0.1239,3.86306995931987,4.20960080706298
