ID,Description,GeneRatio,BgRatio,RichFactor,FoldEnrichment,zScore,pvalue,p.adjust,qvalue,geneID,Count
GO:0030198,extracellular matrix organization,17/330,108/6529,0.1574074074074074,3.1142817059483727,5.11163246127634,2.4873057886444235e-5,0.027252580424247403,0.02665344518778972,Adamts9/Apbb2/Col4a1/Col5a1/Col8a1/Colq/Dnajb6/Eln/Flrt2/Lama2/Lamc1/Plod1/Plod2/Prdm5/Prickle1/Smad3/Sulf1,17
GO:0043062,extracellular structure organization,17/330,108/6529,0.1574074074074074,3.1142817059483727,5.11163246127634,2.4873057886444235e-5,0.027252580424247403,0.02665344518778972,Adamts9/Apbb2/Col4a1/Col5a1/Col8a1/Colq/Dnajb6/Eln/Flrt2/Lama2/Lamc1/Plod1/Plod2/Prdm5/Prickle1/Smad3/Sulf1,17
GO:0045229,external encapsulating structure organization,17/330,108/6529,0.1574074074074074,3.1142817059483727,5.11163246127634,2.4873057886444235e-5,0.027252580424247403,0.02665344518778972,Adamts9/Apbb2/Col4a1/Col5a1/Col8a1/Colq/Dnajb6/Eln/Flrt2/Lama2/Lamc1/Plod1/Plod2/Prdm5/Prickle1/Smad3/Sulf1,17
