"mu.1","theta.1","alpha.1","beta.1"
0.491,0.2071,2.37012083945798,2.45741251475664
