"mu","theta","alpha","beta"
0.495265009879323,0.18228744354724,2.71694528290959,2.76889609234042
