mu,theta,alpha,beta,min_counts_used
M2,0.505120410344399,0.119951425722299,4.2110413219582,4.12566659108583,5
