"mu","theta","alpha","beta"
0.503795113924956,0.148876160840951,3.38398781295264,3.33300431225624
