"mu.1","theta.1","alpha.1","beta.1"
0.5051,0.1729,2.92210042331385,2.8627075963108
