"mu","theta","alpha","beta"
0.506994986252628,0.270059992221208,1.87734207530208,1.82553887265
