"mu","theta","alpha","beta"
0.49762236965745,0.0885032485712948,5.62264524399446,5.67637503088775
