"mu","theta","alpha","beta"
0.49914092157385,26.325179696535,0.0189605893417529,0.0190258560131339
