"mu.1","theta.1","alpha.1","beta.1"
0.4993,0.1598,3.12412093181847,3.13286200964136
