"mu.1","theta.1","alpha.1","beta.1"
0.4965,0.9417,0.527208483227491,0.534713796780275
