mu,theta,alpha,beta,min_counts_used
Endocardial_EC,0.500059276823398,0.133764407355078,3.73835825770893,3.73747197077251,5
