"mu","theta","alpha","beta"
0.509715727373504,0.338668876520313,1.50505630340358,1.44768033503394
