ID,Description,GeneRatio,BgRatio,RichFactor,FoldEnrichment,zScore,pvalue,p.adjust,qvalue,geneID,Count
GO:0007266,Rho protein signal transduction,19/311,69/4360,0.2753623188405797,3.8603849200801528,6.636964711484114,1.643590603320712e-7,5.068833420641076e-4,4.7871738940930637e-4,Abra/Adra1a/Col3a1/Dock9/Eps8/Heg1/Kank1/Lrrk2/Ripor2/Apoe/Arhgap20/Cdc42/Cdh2/Col1a2/Ctnnal1/Hacd3/Kank2/Lpar1/Pdgfrb,19
GO:0035023,regulation of Rho protein signal transduction,14/311,42/4360,0.3333333333333333,4.673097534833869,6.62850407366218,5.609069720174083e-7,8.649185508508436e-4,8.168576797748258e-4,Abra/Adra1a/Col3a1/Dock9/Eps8/Heg1/Kank1/Ripor2/Apoe/Arhgap20/Cdh2/Kank2/Lpar1/Pdgfrb,14
GO:0031529,ruffle organization,9/311,22/4360,0.4090909090909091,5.735165156387022,6.170231213999076,9.246347235126355e-6,0.009505244957709892,0.00897706764898057,Carmil1/Cav1/Eps8/Kank1/Ston1/Tpm1/Evl/Lima1/Pdgfrb,9
