"","mu","theta","alpha","beta","min_counts_used"
"Endocardial_EC__F1_Young",0.503823754630085,0.140573868426553,3.58404986836741,3.52964779957775,5
