p_value,odds_ratio
0.55625885812866,0.78240435929123
