"mu.1","theta.1","alpha.1","beta.1"
0.4856,0.3245,1.49662977671303,1.58535257564386
